{
    "EMNIST": {
        "sub_train_0": {
            "sub_test_0": 0.4074914344747617,
            "sub_test_1": 0.2813984151617987,
            "sub_test_2": 0.5396885702431069
        },
        "sub_train_1": {
            "sub_test_0": 0.7646032033162651,
            "sub_test_1": 0.5076831591534432,
            "sub_test_2": 0.36415188015152494
        },
        "sub_train_2": {
            "sub_test_0": 0.8413551928694851,
            "sub_test_1": 0.3277287568763928,
            "sub_test_2": 0.36897755958119804
        },
        "sub_train_3": {
            "sub_test_0": 0.5697536262916061,
            "sub_test_1": 0.5350052489472379,
            "sub_test_2": 0.5568515833838562
        },
        "sub_train_4": {
            "sub_test_0": 0.4832051149854039,
            "sub_test_1": 0.5111683698602922,
            "sub_test_2": 0.40983299525406386
        },
        "sub_train_5": {
            "sub_test_0": 0.19214675877681245,
            "sub_test_1": 0.12838227281468007,
            "sub_test_2": 0.21825478080671426
        },
        "sub_train_6": {
            "sub_test_0": 0.6844933045583155,
            "sub_test_1": 0.27995204021331355,
            "sub_test_2": 0.32656436342637324
        },
        "sub_train_7": {
            "sub_test_0": 1.0,
            "sub_test_1": 0.8555032703702599,
            "sub_test_2": 0.21776550018430854
        },
        "sub_train_8": {
            "sub_test_0": 0.23332091361647456,
            "sub_test_1": 0.1913453394020162,
            "sub_test_2": 0.09202475737923879
        },
        "sub_train_9": {
            "sub_test_0": 0.5315847210333328,
            "sub_test_1": 0.4152040480824247,
            "sub_test_2": 0.0
        }
    }
}